source,year,n,frac_zero,mean_prod,median_prod,mean_log_prod,var_log_prod,mean_log_prod_pos,var_log_prod_pos,q25_prod,q50_prod,q75_prod,q90_prod,q95_prod
empirical,0,1967,0.18200305033045247,4.536448002095241,3.3456189356921056,1.168828875174183,1.1163551499551774,1.455863227610082,0.5064868129898126,1.5558980742087662,3.3456189356921056,6.223592296835065,10.036856807076315,13.344467795346803
empirical,1,2005,0.1256857855361596,5.861101160587133,4.667694222626299,1.451885995921734,1.0424425905800125,1.6515194032976164,0.5213673864976508,2.315378181458927,4.667694222626299,8.13951419978478,12.2618015260278,15.393740092349397
empirical,2,2024,0.09535573122529645,7.031517837065707,5.549047000824661,1.6313983109536272,1.0046583179218707,1.7771574635816638,0.5702903101127595,2.7131713999282603,5.549047000824661,9.818173833806917,14.513321565836097,18.670776890505195
empirical,3,2019,0.09014363546310054,7.582508293151904,6.157757287845962,1.711647728277065,1.004704330269818,1.8575396682145993,0.560831434745675,3.0041352414731692,6.157757287845962,10.41920181656517,15.518764501296014,19.636347667613833
empirical,4,1945,0.08688946015424165,8.010238761207757,6.691237871384211,1.7692920313420706,1.007787560298167,1.9162380005450557,0.5538565749689293,3.3456189356921056,6.691237871384211,11.220770095779333,16.52274382810243,20.589422673896635
empirical,5,1882,0.09086078639744952,7.64580385306108,6.157757287845962,1.7145503916643725,1.0170444589773333,1.8631169447258398,0.5679798220517007,3.0041352414731692,6.157757287845962,10.514473345156093,15.868854919972351,19.70421075678547
empirical,6,1798,0.08898776418242492,7.312483512941352,5.853085487032883,1.6724935360537627,0.998812039426725,1.8051471561648336,0.5938054986748457,2.805192523944833,5.853085487032883,9.85241166055354,14.792087963856508,19.096095586647554
empirical,7,1725,0.10840579710144928,6.968893444533774,5.411175082295543,1.5847663569922694,1.0930069372125748,1.7592318148276813,0.6167607453448593,2.4119594510180393,5.411175082295543,9.55000892387447,15.260832383720686,19.045488143700574
empirical,8,1633,0.10287813839559094,6.848606841467847,5.20913670201103,1.5803333116717344,1.0583425193986231,1.7357814627041788,0.6222710663168777,2.4119594510180393,5.20913670201103,9.496099899748913,14.43893563756692,19.516922601896002
empirical,9,1551,0.10767246937459704,6.714034411593053,5.048483260875706,1.544030934755114,1.0947704640332745,1.7037422881649966,0.6652143119074723,2.246518049755739,5.048483260875706,9.228809410598725,14.922442699605432,19.030140484099338
empirical,10,1446,0.11894882434301521,6.612720758894218,4.9262058302767695,1.5129751393192734,1.1479565463950208,1.7000624179532444,0.6733700571725603,2.180725335651527,4.9262058302767695,9.261512725835708,15.020676207365844,18.637124006138393
empirical,11,1340,0.1253731343283582,6.457562506059991,4.9262058302767695,1.4904170604319165,1.1470096164190076,1.6940729989305472,0.6363329799105021,2.209297097449406,4.9262058302767695,8.992655580372094,13.891154993701825,18.763627529775587
empirical,12,1228,0.12947882736156352,6.421420192059244,4.775004461937235,1.4590345386912569,1.1851485979320375,1.6647744835593123,0.6886926618850918,1.8037250274318477,4.775004461937235,8.620860202984346,14.222003755127927,19.100167907373773
empirical,13,1104,0.15217391304347827,6.151789844782042,4.353094199477136,1.3838988374276977,1.2671711083664328,1.6400871502494903,0.6998504355449913,1.6728094678460528,4.353094199477136,8.710366634867231,14.025962619724163,17.624160453768425
empirical,14,1006,0.1441351888667992,6.294480434494356,4.418594194898812,1.4160246901073044,1.2504353635162462,1.6557041767564054,0.7056324663957514,1.6728094678460528,4.418594194898812,8.706188398954271,14.441219492094955,18.53616535303798
empirical,15,911,0.145993413830955,6.447883566868445,4.506202862209754,1.4244776761004438,1.2804405814441955,1.6721339581103158,0.7225555344911148,1.6728094678460528,4.506202862209754,8.722901342606107,15.25446493496068,19.95734445795148
empirical,16,835,0.14491017964071856,6.476815201203444,4.630756362917854,1.446363271580316,1.272206178217366,1.69738862145799,0.6998080060201453,1.7363789006703432,4.630756362917854,9.613207969727217,14.203088125770726,18.670776890505195
empirical,17,768,0.1796875,6.185386623160944,4.493036099511478,1.3451354785490652,1.4017047068146546,1.6784288350468408,0.7188099798128458,1.4025962619724166,4.493036099511478,8.642192251976827,14.593812613608073,18.531566387559682
empirical,18,701,0.16262482168330955,6.493360249260199,4.361450671303054,1.39633279364949,1.362541086857479,1.6900341598763091,0.7312280389630939,1.5558980742087662,4.361450671303054,9.012405724419509,15.020676207365844,20.07371361415263
empirical,19,640,0.1625,6.366103552344216,4.630756362917854,1.3826608555705777,1.358436530480797,1.670112603421113,0.7486563026776826,1.4510313998257118,4.630756362917854,8.687967977252354,15.43757944365653,20.941503236221767
empirical,20,591,0.15905245346869712,6.547802636390854,4.493036099511478,1.390287028273233,1.3874300597959026,1.6655558403432562,0.8138871779005681,1.35658569996413,4.493036099511478,9.189866949514972,15.558980742087662,21.24646512451875
zhang_arw4,0,10000,0.0,4.483452269137636,3.1467792145297855,1.231712303252985,0.8018782792682781,0.921889920419174,1.6683722593512884,1.291283873305673,3.1467792145297855,6.187675139457484,10.175991045904631,13.210842397884184
zhang_arw4,1,10000,0.0,6.215163915208522,4.837415434685351,1.5720694453268662,0.7511257023409755,1.3711605138838343,1.280219420592197,2.2352700606814593,4.837415434685351,8.627179038703538,13.499175270411175,16.938474459677373
zhang_arw4,2,10000,0.0,7.232106879531282,5.747165745280611,1.7295382610265853,0.7301601942801327,1.562230446787093,1.1691172105153709,2.83378514725804,5.747165745280611,10.013395920473657,15.109351344696227,18.772957475025468
zhang_arw4,3,10000,0.0,7.914965244774365,6.490754873256007,1.823327195061426,0.7258300393271102,1.668927423706428,1.1568916916262986,3.2564165759507833,6.490754873256007,11.079882178845203,16.364293708349134,19.878444909256007
zhang_arw4,4,10000,0.0,8.265287119748903,6.833365461180026,1.8710009360633932,0.7106363425756045,1.7265399858863133,1.1060224330932606,3.4207821265024734,6.833365461180026,11.565741069945066,16.817765772842865,20.492302076349365
zhang_arw4,5,10000,0.0,7.859276460194975,6.537384273234453,1.8266326512724662,0.6983157249826738,1.6792049071942599,1.0760883653702857,3.2828317465891725,6.537384273234453,10.861738136243323,15.984024134778794,19.78395157706616
zhang_arw4,6,10000,0.0,7.502784404332481,6.21378137263305,1.7885287485944463,0.6827239843863108,1.6355910982042512,1.0762647626433206,3.1174593988127537,6.21378137263305,10.50652834111677,15.296517322189963,18.680238977015872
zhang_arw4,7,10000,0.0,7.435119966281317,6.10474828313595,1.7756497373257905,0.6919597347883584,1.6180241111168872,1.11281273126532,3.086649526282769,6.10474828313595,10.289885555214768,15.385508065203163,19.077281568010356
zhang_arw4,8,10000,0.0,6.938297752615298,5.732506261958477,1.7171260795524053,0.6805374895466839,1.5490478875404103,1.1259478823765732,2.9256148197549514,5.732506261958477,9.71175856284839,14.355965958254492,17.269686999079447
zhang_arw4,9,10000,0.0,6.731261438031509,5.583923446598057,1.6852556899518787,0.6835296289601714,1.5142030526617394,1.117600059256645,2.73969755434975,5.583923446598057,9.570966213169836,13.8070365276569,16.840729658321717
zhang_arw4,10,10000,0.0,6.642261873590975,5.513982233528728,1.681098371097909,0.6677327670654,1.5086419145426957,1.1137145261041783,2.804079754168596,5.513982233528728,9.307452333496277,13.465070399888557,16.38799528766136
zhang_arw4,11,10000,0.0,6.512277123508265,5.289445760201708,1.6665310976270309,0.6451181221778282,1.4986910278088321,1.0463246869834013,2.741975292560256,5.289445760201708,9.041325596163226,13.272884309335696,16.570530360629128
zhang_arw4,12,10000,0.0,6.449968630800322,5.303997277145417,1.651267238661434,0.6671414003241681,1.4761451029320098,1.1020204259529764,2.6948749611823506,5.303997277145417,8.978587668590038,13.331460707757273,16.250790257010554
zhang_arw4,13,10000,0.0,6.496661720051775,5.382620091902126,1.6631404861015522,0.6565024687446761,1.4903352008277715,1.0917921456037052,2.7378736545234705,5.382620091902126,9.1496247304477,13.151349785116969,16.08481659911193
zhang_arw4,14,10000,0.0,6.374275416570704,5.295843703512647,1.6451462272676995,0.6576668963671081,1.4689230280626004,1.0979125451340304,2.640494284408685,5.295843703512647,8.888518395427049,13.015820745308208,15.849391280995118
zhang_arw4,15,10000,0.0,6.306900334887535,5.184870177778281,1.6360232353391793,0.6504578780348398,1.4606304701012258,1.0756677398162824,2.6134245570136505,5.184870177778281,8.849477288305746,12.95753260233159,15.610287397711291
zhang_arw4,16,10000,0.0,6.392637887148365,5.33346954947287,1.6598459165387918,0.62659999571924,1.491168476155927,1.033243277130815,2.74265613452075,5.33346954947287,8.917762375038201,12.965579906354254,15.663462982797014
zhang_arw4,17,10000,0.0,6.2792530266424915,5.264763013339008,1.6454162916031636,0.6231108108428691,1.4751512972575016,1.0221843536875026,2.75279481312487,5.264763013339008,8.674699817200556,12.775287354845656,15.49344194722496
zhang_arw4,18,10000,0.0,6.27602163851075,5.2478788790166515,1.6420133897440592,0.6310432440494291,1.4678823925557902,1.057527058866297,2.694713520888746,5.2478788790166515,8.83872978385989,12.689540413552379,15.298926027866601
zhang_arw4,19,10000,0.0,6.267960520540438,5.249133889724224,1.6379426753858668,0.6384427964162783,1.4626500119322188,1.0693195347501272,2.675012394229576,5.249133889724224,8.812502046285735,12.732917994403248,15.442701418154035
zhang_arw4,20,10000,0.0,6.270681087710547,5.215596936964751,1.627833155110612,0.6585317653538139,1.4475829552918695,1.1153414358141738,2.584103642570803,5.215596936964751,8.75491381559231,12.698532058517602,15.821653388798534
